youtube-u-growth,DensePull-SparsePush,serial,bitvector,false,0,1.1939396858215332,0.10751
youtube-u-growth,DensePull-SparsePush,edge-aware-dynamic-vertex-parallel,boolean-array,false,10,1.2471199035644531,0.081417
youtube-u-growth,DensePull,dynamic-vertex-parallel,boolean-array,false,10,1.1994972229003906,0.028488
youtube-u-growth,DensePull-SparsePush,serial,boolean-array,false,0,1.1952719688415527,0.114923
youtube-u-growth,SparsePush-DensePull,serial,bitvector,false,0,1.1793274879455566,0.100684
youtube-u-growth,SparsePush-DensePull,dynamic-vertex-parallel,bitvector,false,5,1.1753120422363281,0.017625
youtube-u-growth,DensePull-SparsePush,dynamic-vertex-parallel,bitvector,false,10,1.174893856048584,0.016502
youtube-u-growth,SparsePush-DensePull,edge-aware-dynamic-vertex-parallel,boolean-array,false,0,1.2022466659545898,0.119832
youtube-u-growth,SparsePush-DensePull,dynamic-vertex-parallel,bitvector,false,10,1.1702239513397217,0.01632
youtube-u-growth,DensePull,static-vertex-parallel,bitvector,false,5,1.1928527355194092,0.04057
youtube-u-growth,DensePull-SparsePush,static-vertex-parallel,bitvector,false,15,1.1779117584228516,0.015947
youtube-u-growth,SparsePush-DensePull,static-vertex-parallel,bitvector,false,5,1.1751823425292969,0.017377
youtube-u-growth,SparsePush-DensePull,serial,boolean-array,false,5,1.234168529510498,0.082292
youtube-u-growth,DensePull,static-vertex-parallel,boolean-array,false,20,1.2020275592803955,0.030902
youtube-u-growth,DensePush-SparsePush,static-vertex-parallel,boolean-array,false,0,1.1446266174316406,0.064087
youtube-u-growth,DensePull-SparsePush,dynamic-vertex-parallel,boolean-array,false,15,1.1711747646331787,0.016205
youtube-u-growth,SparsePush-DensePull,dynamic-vertex-parallel,boolean-array,false,0,1.1082885265350342,0.02445
youtube-u-growth,SparsePush-DensePull,edge-aware-dynamic-vertex-parallel,bitvector,false,15,1.2487199306488037,0.078954
youtube-u-growth,DensePull,edge-aware-dynamic-vertex-parallel,boolean-array,false,20,1.2471680641174316,0.07976
youtube-u-growth,DensePull,edge-aware-dynamic-vertex-parallel,bitvector,false,20,1.2289941310882568,0.070643
youtube-u-growth,DensePull-SparsePush,static-vertex-parallel,bitvector,false,10,1.1785404682159424,0.016369
youtube-u-growth,DensePull,serial,boolean-array,false,0,1.176245927810669,0.103603
youtube-u-growth,SparsePush-DensePull,edge-aware-dynamic-vertex-parallel,boolean-array,false,5,1.2518820762634277,0.091987
youtube-u-growth,DensePull,serial,bitvector,false,15,1.2271296977996826,0.066396
youtube-u-growth,SparsePush-DensePull,edge-aware-dynamic-vertex-parallel,bitvector,false,0,1.1834425926208496,0.099107
dblp_coauthor,SparsePush-DensePull,edge-aware-dynamic-vertex-parallel,bitvector,false,15,3.8895251750946045,0.112361
dblp_coauthor,DensePull,edge-aware-dynamic-vertex-parallel,boolean-array,false,10,4.135509252548218,0.369369
dblp_coauthor,SparsePush-DensePull,edge-aware-dynamic-vertex-parallel,boolean-array,false,10,3.8724024295806885,0.119425
dblp_coauthor,DensePush-SparsePush,dynamic-vertex-parallel,boolean-array,false,0,3.71701979637146,0.071652
dblp_coauthor,SparsePush-DensePull,dynamic-vertex-parallel,bitvector,false,0,3.7171883583068848,0.066028
dblp_coauthor,SparsePush-DensePull,serial,boolean-array,false,5,3.884730815887451,0.133921
dblp_coauthor,DensePull-SparsePush,edge-aware-dynamic-vertex-parallel,bitvector,false,0,3.784628391265869,0.1573
dblp_coauthor,DensePull-SparsePush,serial,bitvector,false,15,3.9007935523986816,0.114281
dblp_coauthor,SparsePush,dynamic-vertex-parallel,boolean-array,false,0,3.716305732727051,0.095898
dblp_coauthor,DensePush-SparsePush,static-vertex-parallel,boolean-array,false,0,3.693274736404419,0.0689
dblp_coauthor,SparsePush-DensePull,dynamic-vertex-parallel,boolean-array,false,5,3.775303363800049,0.036205
dblp_coauthor,SparsePush-DensePull,static-vertex-parallel,boolean-array,false,15,3.789585828781128,0.022399
dblp_coauthor,DensePull,dynamic-vertex-parallel,bitvector,false,0,3.6835386753082275,0.086036
dblp_coauthor,SparsePush-DensePull,edge-aware-dynamic-vertex-parallel,boolean-array,false,0,3.8109333515167236,0.196023
dblp_coauthor,SparsePush-DensePull,static-vertex-parallel,bitvector,false,10,3.8017499446868896,0.022681
dblp_coauthor,SparsePush-DensePull,static-vertex-parallel,bitvector,false,0,3.6905736923217773,0.064418
dblp_coauthor,DensePull,dynamic-vertex-parallel,boolean-array,false,20,3.8544185161590576,0.047666
dblp_coauthor,DensePull-SparsePush,static-vertex-parallel,bitvector,false,10,3.786012649536133,0.021847
dblp_coauthor,SparsePush-DensePull,serial,bitvector,false,20,3.9017744064331055,0.113247
dblp_coauthor,DensePull,serial,boolean-array,false,20,4.1883015632629395,0.414526
dblp_coauthor,DensePull,edge-aware-dynamic-vertex-parallel,bitvector,false,0,4.117013692855835,0.472936
dblp_coauthor,SparsePush-DensePull,static-vertex-parallel,boolean-array,false,5,3.775280237197876,0.035883
dblp_coauthor,DensePull,dynamic-vertex-parallel,bitvector,false,5,3.8101391792297363,0.057046
dblp_coauthor,DensePull-SparsePush,edge-aware-dynamic-vertex-parallel,bitvector,false,10,3.8761281967163086,0.115494
dblp_coauthor,DensePull-SparsePush,static-vertex-parallel,bitvector,false,15,3.8176004886627197,0.020495
soc-LiveJournal1,DensePull,static-vertex-parallel,boolean-array,false,10,9.04212737083435,0.20079
soc-LiveJournal1,DensePull,dynamic-vertex-parallel,boolean-array,false,0,8.969248056411743,0.624595
soc-LiveJournal1,DensePull-SparsePush,serial,bitvector,false,10,9.394591569900513,0.504586
soc-LiveJournal1,DensePull-SparsePush,serial,bitvector,false,5,9.317084550857544,0.534243
soc-LiveJournal1,DensePull,serial,boolean-array,false,15,9.853937149047852,1.0042
soc-LiveJournal1,SparsePush-DensePull,edge-aware-dynamic-vertex-parallel,boolean-array,false,15,9.44133186340332,0.507648
soc-LiveJournal1,DensePull,serial,bitvector,false,5,9.825873613357544,1.06916
soc-LiveJournal1,SparsePush-DensePull,edge-aware-dynamic-vertex-parallel,bitvector,false,0,9.087172508239746,0.761426
soc-LiveJournal1,DensePull,serial,boolean-array,false,10,10.064109325408936,1.23668
soc-LiveJournal1,DensePull,dynamic-vertex-parallel,bitvector,false,0,8.760253429412842,0.431685
soc-LiveJournal1,DensePull-SparsePush,dynamic-vertex-parallel,boolean-array,false,5,9.016179084777832,0.237992
soc-LiveJournal1,DensePull-SparsePush,static-vertex-parallel,bitvector,false,20,9.014150857925415,0.060735
soc-LiveJournal1,DensePull-SparsePush,static-vertex-parallel,bitvector,false,10,8.98959994316101,0.092181
soc-LiveJournal1,SparsePush-DensePull,serial,boolean-array,false,5,9.29343295097351,0.546261
soc-LiveJournal1,SparsePush-DensePull,serial,bitvector,false,15,9.435596942901611,0.485601
soc-LiveJournal1,SparsePush-DensePull,static-vertex-parallel,bitvector,false,5,8.949483633041382,0.145878
soc-LiveJournal1,DensePull-SparsePush,edge-aware-dynamic-vertex-parallel,boolean-array,false,20,9.367907524108887,0.480402
soc-LiveJournal1,SparsePush-DensePull,dynamic-vertex-parallel,bitvector,false,0,8.701050043106079,0.315132
soc-LiveJournal1,SparsePush,dynamic-vertex-parallel,boolean-array,false,0,8.79723072052002,0.43715
soc-LiveJournal1,DensePull-SparsePush,static-vertex-parallel,boolean-array,false,0,8.830676794052124,0.433387
soc-LiveJournal1,DensePull,serial,boolean-array,false,5,9.964778900146484,1.20646
soc-LiveJournal1,DensePull-SparsePush,static-vertex-parallel,boolean-array,false,10,8.94972538948059,0.131059
soc-LiveJournal1,SparsePush-DensePull,static-vertex-parallel,boolean-array,false,20,8.946489572525024,0.074716
soc-LiveJournal1,DensePull,edge-aware-dynamic-vertex-parallel,bitvector,false,15,9.887470483779907,1.00022
soc-LiveJournal1,DensePull-SparsePush,dynamic-vertex-parallel,boolean-array,false,15,8.9853835105896,0.091869
orkut-links,SparsePush-DensePull,dynamic-vertex-parallel,boolean-array,false,20,14.357265710830688,0.079856
orkut-links,DensePull,static-vertex-parallel,boolean-array,false,20,14.421569585800171,0.10095
orkut-links,DensePull,static-vertex-parallel,boolean-array,false,5,14.25901985168457,0.151483
orkut-links,DensePull-SparsePush,serial,bitvector,false,15,14.775198936462402,0.56463
orkut-links,SparsePush-DensePull,dynamic-vertex-parallel,boolean-array,false,5,14.186316967010498,0.155446
orkut-links,DensePull,serial,bitvector,false,15,14.757620811462402,0.540021
orkut-links,SparsePush-DensePull,dynamic-vertex-parallel,boolean-array,false,15,14.290260791778564,0.084688
orkut-links,SparsePush-DensePull,static-vertex-parallel,boolean-array,false,10,14.323235273361206,0.117037
orkut-links,SparsePush-DensePull,static-vertex-parallel,bitvector,false,5,14.172186613082886,0.109458
orkut-links,DensePull-SparsePush,static-vertex-parallel,boolean-array,false,0,13.700396299362183,0.162593
orkut-links,DensePull-SparsePush,edge-aware-dynamic-vertex-parallel,bitvector,false,15,14.805584907531738,0.603466
orkut-links,DensePull,dynamic-vertex-parallel,bitvector,false,20,14.426837921142578,0.090214
orkut-links,DensePull-SparsePush,edge-aware-dynamic-vertex-parallel,boolean-array,false,5,14.705688953399658,0.716191
orkut-links,DensePull-SparsePush,static-vertex-parallel,bitvector,false,0,13.625884056091309,0.113637
orkut-links,DensePull-SparsePush,serial,boolean-array,false,20,14.905223608016968,0.571365
orkut-links,SparsePush-DensePull,serial,boolean-array,false,10,14.840505123138428,0.661854
orkut-links,DensePull-SparsePush,edge-aware-dynamic-vertex-parallel,boolean-array,false,0,14.649186372756958,1.12473
orkut-links,SparsePush-DensePull,serial,bitvector,false,15,14.780509948730469,0.570685
orkut-links,SparsePush,serial,boolean-array,false,0,14.677847862243652,1.14235
orkut-links,DensePull-SparsePush,serial,boolean-array,false,15,14.87940788269043,0.613412
orkut-links,SparsePush-DensePull,edge-aware-dynamic-vertex-parallel,boolean-array,false,0,14.593616962432861,1.04243
orkut-links,SparsePush-DensePull,serial,boolean-array,false,15,14.801076412200928,0.598666
orkut-links,DensePull,serial,boolean-array,false,20,14.870619297027588,0.605201
orkut-links,DensePull,static-vertex-parallel,bitvector,false,5,14.241843938827515,0.131463
orkut-links,SparsePush-DensePull,static-vertex-parallel,bitvector,false,10,14.2992422580719,0.08224
roadNet-CA,SparsePush-DensePull,dynamic-vertex-parallel,boolean-array,false,0,0.32077908515930176,0.005126
roadNet-CA,SparsePush-DensePull,edge-aware-dynamic-vertex-parallel,bitvector,false,0,0.3391685485839844,0.021216
roadNet-CA,DensePull,serial,boolean-array,false,10,0.3578813076019287,0.019017
roadNet-CA,DensePull-SparsePush,dynamic-vertex-parallel,bitvector,false,20,0.3481738567352295,0.008101
roadNet-CA,SparsePush-DensePull,serial,bitvector,false,5,0.3591465950012207,0.021093
roadNet-CA,DensePull-SparsePush,serial,boolean-array,false,0,0.333127498626709,0.018037
roadNet-CA,DensePull-SparsePush,edge-aware-dynamic-vertex-parallel,bitvector,false,20,0.36493849754333496,0.024352
roadNet-CA,DensePush-SparsePush,serial,boolean-array,false,0,0.3423464298248291,0.025532
roadNet-CA,DensePull-SparsePush,static-vertex-parallel,bitvector,false,5,0.34731340408325195,0.006114
roadNet-CA,DensePull-SparsePush,dynamic-vertex-parallel,bitvector,false,10,0.34868335723876953,0.00757
roadNet-CA,DensePush-SparsePush,static-vertex-parallel,boolean-array,false,0,0.324019193649292,0.007698
roadNet-CA,SparsePush-DensePull,static-vertex-parallel,bitvector,false,20,0.3497745990753174,0.008104
roadNet-CA,SparsePush-DensePull,serial,bitvector,false,10,0.35782790184020996,0.021239
roadNet-CA,DensePull-SparsePush,dynamic-vertex-parallel,bitvector,false,5,0.3464014530181885,0.006261
roadNet-CA,DensePull,dynamic-vertex-parallel,boolean-array,false,5,0.36370253562927246,0.021643
roadNet-CA,SparsePush-DensePull,serial,bitvector,false,0,0.3327298164367676,0.018964
roadNet-CA,DensePull-SparsePush,edge-aware-dynamic-vertex-parallel,boolean-array,false,0,0.3369405269622803,0.020574
roadNet-CA,DensePull-SparsePush,serial,boolean-array,false,5,0.3564739227294922,0.019628
roadNet-CA,DensePull,static-vertex-parallel,boolean-array,false,0,0.3998832702636719,0.072569
roadNet-CA,SparsePush-DensePull,serial,bitvector,false,20,0.35781168937683105,0.020972
roadNet-CA,DensePull,dynamic-vertex-parallel,boolean-array,false,0,0.3152482509613037,0.003398
roadNet-CA,DensePull-SparsePush,serial,boolean-array,false,10,0.35816025733947754,0.019608
roadNet-CA,SparsePush-DensePull,serial,boolean-array,false,20,0.35588574409484863,0.019781
roadNet-CA,SparsePush-DensePull,static-vertex-parallel,bitvector,false,0,0.32036590576171875,0.004748
roadNet-CA,DensePull,static-vertex-parallel,bitvector,false,20,0.42736220359802246,0.079736
