youtube-u-growth,DensePull-SparsePush,serial,bitvector,false,0,5.72235894203186,0.144477
youtube-u-growth,DensePull-SparsePush,edge-aware-dynamic-vertex-parallel,boolean-array,false,10,5.85203218460083,0.072924
youtube-u-growth,DensePull,dynamic-vertex-parallel,boolean-array,false,10,5.893468379974365,0.088559
youtube-u-growth,DensePull-SparsePush,serial,boolean-array,false,0,5.8526105880737305,0.161475
youtube-u-growth,SparsePush-DensePull,serial,bitvector,false,0,5.709229230880737,0.14423
youtube-u-growth,SparsePush-DensePull,dynamic-vertex-parallel,bitvector,false,5,5.8013105392456055,0.050865
youtube-u-growth,DensePull-SparsePush,dynamic-vertex-parallel,bitvector,false,10,5.822036266326904,0.054633
youtube-u-growth,SparsePush-DensePull,edge-aware-dynamic-vertex-parallel,boolean-array,false,0,5.639500617980957,0.050194
youtube-u-growth,SparsePush-DensePull,dynamic-vertex-parallel,bitvector,false,10,5.820398569107056,0.060653
youtube-u-growth,DensePull,static-vertex-parallel,bitvector,false,5,5.840928792953491,0.078496
youtube-u-growth,DensePull-SparsePush,static-vertex-parallel,bitvector,false,15,5.842987298965454,0.071203
youtube-u-growth,SparsePush-DensePull,static-vertex-parallel,bitvector,false,5,5.406852960586548,0.048808
youtube-u-growth,SparsePush-DensePull,serial,boolean-array,false,5,5.913447856903076,0.174784
youtube-u-growth,DensePull,static-vertex-parallel,boolean-array,false,20,5.738798141479492,0.097637
youtube-u-growth,DensePush-SparsePush,static-vertex-parallel,boolean-array,false,0,5.623732328414917,0.043595
youtube-u-growth,DensePull-SparsePush,dynamic-vertex-parallel,boolean-array,false,15,5.8324809074401855,0.051496
youtube-u-growth,SparsePush-DensePull,dynamic-vertex-parallel,boolean-array,false,0,5.682117700576782,0.042915
youtube-u-growth,SparsePush-DensePull,edge-aware-dynamic-vertex-parallel,bitvector,false,15,5.8440117835998535,0.065332
youtube-u-growth,DensePull,edge-aware-dynamic-vertex-parallel,boolean-array,false,20,5.8963987827301025,0.10561
youtube-u-growth,DensePull,edge-aware-dynamic-vertex-parallel,bitvector,false,20,5.9046149253845215,0.090569
youtube-u-growth,DensePull-SparsePush,static-vertex-parallel,bitvector,false,10,6.087581634521484,0.064029
youtube-u-growth,DensePull,serial,boolean-array,false,0,5.779216766357422,0.151841
youtube-u-growth,SparsePush-DensePull,edge-aware-dynamic-vertex-parallel,boolean-array,false,5,5.790672302246094,0.070846
youtube-u-growth,DensePull,serial,bitvector,false,15,5.974461555480957,0.147766
youtube-u-growth,SparsePush-DensePull,edge-aware-dynamic-vertex-parallel,bitvector,false,0,5.65557599067688,0.052992
dblp_coauthor,SparsePush-DensePull,edge-aware-dynamic-vertex-parallel,bitvector,false,15,18.153640031814575,0.045341
dblp_coauthor,DensePull,edge-aware-dynamic-vertex-parallel,boolean-array,false,10,18.04290771484375,0.059224
dblp_coauthor,SparsePush-DensePull,edge-aware-dynamic-vertex-parallel,boolean-array,false,10,18.20703411102295,0.043097
dblp_coauthor,DensePush-SparsePush,dynamic-vertex-parallel,boolean-array,false,0,17.320048570632935,0.034873
dblp_coauthor,SparsePush-DensePull,dynamic-vertex-parallel,bitvector,false,0,17.733588457107544,0.056391
dblp_coauthor,SparsePush-DensePull,serial,boolean-array,false,5,18.208239793777466,0.231326
dblp_coauthor,DensePull-SparsePush,edge-aware-dynamic-vertex-parallel,bitvector,false,0,17.68498420715332,0.047121
dblp_coauthor,DensePull-SparsePush,serial,bitvector,false,15,18.177873849868774,0.224918
dblp_coauthor,SparsePush,dynamic-vertex-parallel,boolean-array,false,0,17.472126483917236,0.051749
dblp_coauthor,DensePush-SparsePush,static-vertex-parallel,boolean-array,false,0,17.695513248443604,0.047456
dblp_coauthor,SparsePush-DensePull,dynamic-vertex-parallel,boolean-array,false,5,16.635063648223877,0.038596
dblp_coauthor,SparsePush-DensePull,static-vertex-parallel,boolean-array,false,15,18.07285785675049,0.040182
dblp_coauthor,DensePull,dynamic-vertex-parallel,bitvector,false,0,17.692453622817993,0.059606
dblp_coauthor,SparsePush-DensePull,edge-aware-dynamic-vertex-parallel,boolean-array,false,0,17.65540909767151,0.046505
dblp_coauthor,SparsePush-DensePull,static-vertex-parallel,bitvector,false,10,18.092237949371338,0.036842
dblp_coauthor,SparsePush-DensePull,static-vertex-parallel,bitvector,false,0,17.667051792144775,0.037627
dblp_coauthor,DensePull,dynamic-vertex-parallel,boolean-array,false,20,18.443832874298096,0.07531
dblp_coauthor,DensePull-SparsePush,static-vertex-parallel,bitvector,false,10,17.662240028381348,0.037552
dblp_coauthor,SparsePush-DensePull,serial,bitvector,false,20,18.258384466171265,0.226909
dblp_coauthor,DensePull,serial,boolean-array,false,20,18.957022666931152,0.755539
dblp_coauthor,DensePull,edge-aware-dynamic-vertex-parallel,bitvector,false,0,17.70563793182373,0.050223
dblp_coauthor,SparsePush-DensePull,static-vertex-parallel,boolean-array,false,5,10.719026327133179,0.034518
dblp_coauthor,DensePull,dynamic-vertex-parallel,bitvector,false,5,18.020939111709595,0.058977
dblp_coauthor,DensePull-SparsePush,edge-aware-dynamic-vertex-parallel,bitvector,false,10,18.08600640296936,0.040322
dblp_coauthor,DensePull-SparsePush,static-vertex-parallel,bitvector,false,15,17.998287439346313,0.04052
soc-LiveJournal1,DensePull,static-vertex-parallel,boolean-array,false,10,43.92436504364014,0.092265
soc-LiveJournal1,DensePull,dynamic-vertex-parallel,boolean-array,false,0,41.79554033279419,0.120418
soc-LiveJournal1,DensePull-SparsePush,serial,bitvector,false,10,45.486613035202026,0.731372
soc-LiveJournal1,DensePull-SparsePush,serial,bitvector,false,5,45.36361384391785,0.699515
soc-LiveJournal1,DensePull,serial,boolean-array,false,15,47.168230295181274,1.90857
soc-LiveJournal1,SparsePush-DensePull,edge-aware-dynamic-vertex-parallel,boolean-array,false,15,45.172019720077515,0.070226
soc-LiveJournal1,DensePull,serial,bitvector,false,5,46.69976234436035,1.55282
soc-LiveJournal1,SparsePush-DensePull,edge-aware-dynamic-vertex-parallel,bitvector,false,0,43.63721203804016,0.092291
soc-LiveJournal1,DensePull,serial,boolean-array,false,10,47.337437868118286,1.91809
soc-LiveJournal1,DensePull,dynamic-vertex-parallel,bitvector,false,0,43.95761036872864,0.096821
soc-LiveJournal1,DensePull-SparsePush,dynamic-vertex-parallel,boolean-array,false,5,44.541741609573364,0.061743
soc-LiveJournal1,DensePull-SparsePush,static-vertex-parallel,bitvector,false,20,45.26295828819275,0.062132
soc-LiveJournal1,DensePull-SparsePush,static-vertex-parallel,bitvector,false,10,45.0488395690918,0.060931
soc-LiveJournal1,SparsePush-DensePull,serial,boolean-array,false,5,45.634116411209106,0.799662
soc-LiveJournal1,SparsePush-DensePull,serial,bitvector,false,15,43.88662648200989,0.754411
soc-LiveJournal1,SparsePush-DensePull,static-vertex-parallel,bitvector,false,5,44.835845708847046,0.05454
soc-LiveJournal1,DensePull-SparsePush,edge-aware-dynamic-vertex-parallel,boolean-array,false,20,44.72316074371338,0.070261
soc-LiveJournal1,SparsePush-DensePull,dynamic-vertex-parallel,bitvector,false,0,44.148677110672,0.062534
soc-LiveJournal1,SparsePush,dynamic-vertex-parallel,boolean-array,false,0,40.1696891784668,0.134231
soc-LiveJournal1,DensePull-SparsePush,static-vertex-parallel,boolean-array,false,0,43.84759831428528,0.069999
soc-LiveJournal1,DensePull,serial,boolean-array,false,5,46.88707733154297,1.80675
soc-LiveJournal1,DensePull-SparsePush,static-vertex-parallel,boolean-array,false,10,44.29515624046326,0.058738
soc-LiveJournal1,SparsePush-DensePull,static-vertex-parallel,boolean-array,false,20,45.306843280792236,0.060991
soc-LiveJournal1,DensePull,edge-aware-dynamic-vertex-parallel,bitvector,false,15,45.28418278694153,0.113577
soc-LiveJournal1,DensePull-SparsePush,dynamic-vertex-parallel,boolean-array,false,15,45.21127796173096,0.062383
orkut-links,SparsePush-DensePull,dynamic-vertex-parallel,boolean-array,false,20,72.48231315612793,0.067119
orkut-links,DensePull,static-vertex-parallel,boolean-array,false,20,72.3684983253479,0.092006
orkut-links,DensePull,static-vertex-parallel,boolean-array,false,5,71.67254662513733,0.064544
orkut-links,DensePull-SparsePush,serial,bitvector,false,15,72.62825512886047,0.932679
orkut-links,SparsePush-DensePull,dynamic-vertex-parallel,boolean-array,false,5,69.99817204475403,0.075358
orkut-links,DensePull,serial,bitvector,false,15,72.71512770652771,0.912101
orkut-links,SparsePush-DensePull,dynamic-vertex-parallel,boolean-array,false,15,71.6441171169281,0.079549
orkut-links,SparsePush-DensePull,static-vertex-parallel,boolean-array,false,10,71.47329425811768,0.060076
orkut-links,SparsePush-DensePull,static-vertex-parallel,bitvector,false,5,71.61237573623657,0.048968
orkut-links,DensePull-SparsePush,static-vertex-parallel,boolean-array,false,0,70.01520800590515,0.061027
orkut-links,DensePull-SparsePush,edge-aware-dynamic-vertex-parallel,bitvector,false,15,71.60971164703369,0.066141
orkut-links,DensePull,dynamic-vertex-parallel,bitvector,false,20,72.69267702102661,0.075863
orkut-links,DensePull-SparsePush,edge-aware-dynamic-vertex-parallel,boolean-array,false,5,69.07822680473328,0.080699
orkut-links,DensePull-SparsePush,static-vertex-parallel,bitvector,false,0,70.63655757904053,0.066723
orkut-links,DensePull-SparsePush,serial,boolean-array,false,20,72.06547665596008,0.960832
orkut-links,SparsePush-DensePull,serial,boolean-array,false,10,72.35425877571106,0.99963
orkut-links,DensePull-SparsePush,edge-aware-dynamic-vertex-parallel,boolean-array,false,0,70.6918294429779,0.06961
orkut-links,SparsePush-DensePull,serial,bitvector,false,15,73.08699798583984,0.921241
orkut-links,SparsePush,serial,boolean-array,false,0,70.23915886878967,1.37174
orkut-links,DensePull-SparsePush,serial,boolean-array,false,15,72.56338143348694,0.962792
orkut-links,SparsePush-DensePull,edge-aware-dynamic-vertex-parallel,boolean-array,false,0,70.28769254684448,0.0678
orkut-links,SparsePush-DensePull,serial,boolean-array,false,15,72.23464727401733,0.966497
orkut-links,DensePull,serial,boolean-array,false,20,72.61878752708435,0.957849
orkut-links,DensePull,static-vertex-parallel,bitvector,false,5,71.51829624176025,0.073946
orkut-links,SparsePush-DensePull,static-vertex-parallel,bitvector,false,10,71.71658515930176,0.054908
roadNet-CA,SparsePush-DensePull,dynamic-vertex-parallel,boolean-array,false,0,1.7520747184753418,0.053032
roadNet-CA,SparsePush-DensePull,edge-aware-dynamic-vertex-parallel,bitvector,false,0,1.750678300857544,0.058178
roadNet-CA,DensePull,serial,boolean-array,false,10,1.8266785144805908,0.057152
roadNet-CA,DensePull-SparsePush,dynamic-vertex-parallel,bitvector,false,20,1.8267908096313477,0.067283
roadNet-CA,SparsePush-DensePull,serial,bitvector,false,5,1.8367035388946533,0.067512
roadNet-CA,DensePull-SparsePush,serial,boolean-array,false,0,1.8246822357177734,0.096235
roadNet-CA,DensePull-SparsePush,edge-aware-dynamic-vertex-parallel,bitvector,false,20,1.8219847679138184,0.081224
roadNet-CA,DensePush-SparsePush,serial,boolean-array,false,0,1.134509563446045,0.084289
roadNet-CA,DensePull-SparsePush,static-vertex-parallel,bitvector,false,5,1.8512639999389648,0.079337
roadNet-CA,DensePull-SparsePush,dynamic-vertex-parallel,bitvector,false,10,1.827155351638794,0.067778
roadNet-CA,DensePush-SparsePush,static-vertex-parallel,boolean-array,false,0,1.7531187534332275,0.053938
roadNet-CA,SparsePush-DensePull,static-vertex-parallel,bitvector,false,20,1.82753324508667,0.072611
roadNet-CA,SparsePush-DensePull,serial,bitvector,false,10,1.8348124027252197,0.073261
roadNet-CA,DensePull-SparsePush,dynamic-vertex-parallel,bitvector,false,5,1.813429594039917,0.055159
roadNet-CA,DensePull,dynamic-vertex-parallel,boolean-array,false,5,2.0825631618499756,0.290275
roadNet-CA,SparsePush-DensePull,serial,bitvector,false,0,1.7839078903198242,0.086571
roadNet-CA,DensePull-SparsePush,edge-aware-dynamic-vertex-parallel,boolean-array,false,0,1.7477033138275146,0.048929
roadNet-CA,DensePull-SparsePush,serial,boolean-array,false,5,1.837378978729248,0.068027
roadNet-CA,DensePull,static-vertex-parallel,boolean-array,false,0,1.832411289215088,0.129155
roadNet-CA,SparsePush-DensePull,serial,bitvector,false,20,1.8247129917144775,0.062094
roadNet-CA,DensePull,dynamic-vertex-parallel,boolean-array,false,0,1.922839641571045,0.177622
roadNet-CA,DensePull-SparsePush,serial,boolean-array,false,10,1.8298568725585938,0.068582
roadNet-CA,SparsePush-DensePull,serial,boolean-array,false,20,1.8192782402038574,0.064102
roadNet-CA,SparsePush-DensePull,static-vertex-parallel,bitvector,false,0,1.7474329471588135,0.046435
roadNet-CA,DensePull,static-vertex-parallel,bitvector,false,20,2.3371360301971436,0.55086
