youtube-u-growth,DensePull-SparsePush,serial,bitvector,false,0,5.72235894203186,0.144477,1.1939396858215332,0.10751
youtube-u-growth,DensePull-SparsePush,edge-aware-dynamic-vertex-parallel,boolean-array,false,10,5.85203218460083,0.072924,1.2471199035644531,0.081417
youtube-u-growth,DensePull,dynamic-vertex-parallel,boolean-array,false,10,5.893468379974365,0.088559,1.1994972229003906,0.028488
youtube-u-growth,DensePull-SparsePush,serial,boolean-array,false,0,5.8526105880737305,0.161475,1.1952719688415527,0.114923
youtube-u-growth,SparsePush-DensePull,serial,bitvector,false,0,5.709229230880737,0.14423,1.1793274879455566,0.100684
youtube-u-growth,SparsePush-DensePull,dynamic-vertex-parallel,bitvector,false,5,5.8013105392456055,0.050865,1.1753120422363281,0.017625
youtube-u-growth,DensePull-SparsePush,dynamic-vertex-parallel,bitvector,false,10,5.822036266326904,0.054633,1.174893856048584,0.016502
youtube-u-growth,SparsePush-DensePull,edge-aware-dynamic-vertex-parallel,boolean-array,false,0,5.639500617980957,0.050194,1.2022466659545898,0.119832
youtube-u-growth,SparsePush-DensePull,dynamic-vertex-parallel,bitvector,false,10,5.820398569107056,0.060653,1.1702239513397217,0.01632
youtube-u-growth,DensePull,static-vertex-parallel,bitvector,false,5,5.840928792953491,0.078496,1.1928527355194092,0.04057
youtube-u-growth,DensePull-SparsePush,static-vertex-parallel,bitvector,false,15,5.842987298965454,0.071203,1.1779117584228516,0.015947
youtube-u-growth,SparsePush-DensePull,static-vertex-parallel,bitvector,false,5,5.406852960586548,0.048808,1.1751823425292969,0.017377
youtube-u-growth,SparsePush-DensePull,serial,boolean-array,false,5,5.913447856903076,0.174784,1.234168529510498,0.082292
youtube-u-growth,DensePull,static-vertex-parallel,boolean-array,false,20,5.738798141479492,0.097637,1.2020275592803955,0.030902
youtube-u-growth,DensePush-SparsePush,static-vertex-parallel,boolean-array,false,0,5.623732328414917,0.043595,1.1446266174316406,0.064087
youtube-u-growth,DensePull-SparsePush,dynamic-vertex-parallel,boolean-array,false,15,5.8324809074401855,0.051496,1.1711747646331787,0.016205
youtube-u-growth,SparsePush-DensePull,dynamic-vertex-parallel,boolean-array,false,0,5.682117700576782,0.042915,1.1082885265350342,0.02445
youtube-u-growth,SparsePush-DensePull,edge-aware-dynamic-vertex-parallel,bitvector,false,15,5.8440117835998535,0.065332,1.2487199306488037,0.078954
youtube-u-growth,DensePull,edge-aware-dynamic-vertex-parallel,boolean-array,false,20,5.8963987827301025,0.10561,1.2471680641174316,0.07976
youtube-u-growth,DensePull,edge-aware-dynamic-vertex-parallel,bitvector,false,20,5.9046149253845215,0.090569,1.2289941310882568,0.070643
youtube-u-growth,DensePull-SparsePush,static-vertex-parallel,bitvector,false,10,6.087581634521484,0.064029,1.1785404682159424,0.016369
youtube-u-growth,DensePull,serial,boolean-array,false,0,5.779216766357422,0.151841,1.176245927810669,0.103603
youtube-u-growth,SparsePush-DensePull,edge-aware-dynamic-vertex-parallel,boolean-array,false,5,5.790672302246094,0.070846,1.2518820762634277,0.091987
youtube-u-growth,DensePull,serial,bitvector,false,15,5.974461555480957,0.147766,1.2271296977996826,0.066396
youtube-u-growth,SparsePush-DensePull,edge-aware-dynamic-vertex-parallel,bitvector,false,0,5.65557599067688,0.052992,1.1834425926208496,0.099107
dblp_coauthor,SparsePush-DensePull,edge-aware-dynamic-vertex-parallel,bitvector,false,15,18.153640031814575,0.045341,3.8895251750946045,0.112361
dblp_coauthor,DensePull,edge-aware-dynamic-vertex-parallel,boolean-array,false,10,18.04290771484375,0.059224,4.135509252548218,0.369369
dblp_coauthor,SparsePush-DensePull,edge-aware-dynamic-vertex-parallel,boolean-array,false,10,18.20703411102295,0.043097,3.8724024295806885,0.119425
dblp_coauthor,DensePush-SparsePush,dynamic-vertex-parallel,boolean-array,false,0,17.320048570632935,0.034873,3.71701979637146,0.071652
dblp_coauthor,SparsePush-DensePull,dynamic-vertex-parallel,bitvector,false,0,17.733588457107544,0.056391,3.7171883583068848,0.066028
dblp_coauthor,SparsePush-DensePull,serial,boolean-array,false,5,18.208239793777466,0.231326,3.884730815887451,0.133921
dblp_coauthor,DensePull-SparsePush,edge-aware-dynamic-vertex-parallel,bitvector,false,0,17.68498420715332,0.047121,3.784628391265869,0.1573
dblp_coauthor,DensePull-SparsePush,serial,bitvector,false,15,18.177873849868774,0.224918,3.9007935523986816,0.114281
dblp_coauthor,SparsePush,dynamic-vertex-parallel,boolean-array,false,0,17.472126483917236,0.051749,3.716305732727051,0.095898
dblp_coauthor,DensePush-SparsePush,static-vertex-parallel,boolean-array,false,0,17.695513248443604,0.047456,3.693274736404419,0.0689
dblp_coauthor,SparsePush-DensePull,dynamic-vertex-parallel,boolean-array,false,5,16.635063648223877,0.038596,3.775303363800049,0.036205
dblp_coauthor,SparsePush-DensePull,static-vertex-parallel,boolean-array,false,15,18.07285785675049,0.040182,3.789585828781128,0.022399
dblp_coauthor,DensePull,dynamic-vertex-parallel,bitvector,false,0,17.692453622817993,0.059606,3.6835386753082275,0.086036
dblp_coauthor,SparsePush-DensePull,edge-aware-dynamic-vertex-parallel,boolean-array,false,0,17.65540909767151,0.046505,3.8109333515167236,0.196023
dblp_coauthor,SparsePush-DensePull,static-vertex-parallel,bitvector,false,10,18.092237949371338,0.036842,3.8017499446868896,0.022681
dblp_coauthor,SparsePush-DensePull,static-vertex-parallel,bitvector,false,0,17.667051792144775,0.037627,3.6905736923217773,0.064418
dblp_coauthor,DensePull,dynamic-vertex-parallel,boolean-array,false,20,18.443832874298096,0.07531,3.8544185161590576,0.047666
dblp_coauthor,DensePull-SparsePush,static-vertex-parallel,bitvector,false,10,17.662240028381348,0.037552,3.786012649536133,0.021847
dblp_coauthor,SparsePush-DensePull,serial,bitvector,false,20,18.258384466171265,0.226909,3.9017744064331055,0.113247
dblp_coauthor,DensePull,serial,boolean-array,false,20,18.957022666931152,0.755539,4.1883015632629395,0.414526
dblp_coauthor,DensePull,edge-aware-dynamic-vertex-parallel,bitvector,false,0,17.70563793182373,0.050223,4.117013692855835,0.472936
dblp_coauthor,SparsePush-DensePull,static-vertex-parallel,boolean-array,false,5,10.719026327133179,0.034518,3.775280237197876,0.035883
dblp_coauthor,DensePull,dynamic-vertex-parallel,bitvector,false,5,18.020939111709595,0.058977,3.8101391792297363,0.057046
dblp_coauthor,DensePull-SparsePush,edge-aware-dynamic-vertex-parallel,bitvector,false,10,18.08600640296936,0.040322,3.8761281967163086,0.115494
dblp_coauthor,DensePull-SparsePush,static-vertex-parallel,bitvector,false,15,17.998287439346313,0.04052,3.8176004886627197,0.020495
soc-LiveJournal1,DensePull,static-vertex-parallel,boolean-array,false,10,43.92436504364014,0.092265,9.04212737083435,0.20079
soc-LiveJournal1,DensePull,dynamic-vertex-parallel,boolean-array,false,0,41.79554033279419,0.120418,8.969248056411743,0.624595
soc-LiveJournal1,DensePull-SparsePush,serial,bitvector,false,10,45.486613035202026,0.731372,9.394591569900513,0.504586
soc-LiveJournal1,DensePull-SparsePush,serial,bitvector,false,5,45.36361384391785,0.699515,9.317084550857544,0.534243
soc-LiveJournal1,DensePull,serial,boolean-array,false,15,47.168230295181274,1.90857,9.853937149047852,1.0042
soc-LiveJournal1,SparsePush-DensePull,edge-aware-dynamic-vertex-parallel,boolean-array,false,15,45.172019720077515,0.070226,9.44133186340332,0.507648
soc-LiveJournal1,DensePull,serial,bitvector,false,5,46.69976234436035,1.55282,9.825873613357544,1.06916
soc-LiveJournal1,SparsePush-DensePull,edge-aware-dynamic-vertex-parallel,bitvector,false,0,43.63721203804016,0.092291,9.087172508239746,0.761426
soc-LiveJournal1,DensePull,serial,boolean-array,false,10,47.337437868118286,1.91809,10.064109325408936,1.23668
soc-LiveJournal1,DensePull,dynamic-vertex-parallel,bitvector,false,0,43.95761036872864,0.096821,8.760253429412842,0.431685
soc-LiveJournal1,DensePull-SparsePush,dynamic-vertex-parallel,boolean-array,false,5,44.541741609573364,0.061743,9.016179084777832,0.237992
soc-LiveJournal1,DensePull-SparsePush,static-vertex-parallel,bitvector,false,20,45.26295828819275,0.062132,9.014150857925415,0.060735
soc-LiveJournal1,DensePull-SparsePush,static-vertex-parallel,bitvector,false,10,45.0488395690918,0.060931,8.98959994316101,0.092181
soc-LiveJournal1,SparsePush-DensePull,serial,boolean-array,false,5,45.634116411209106,0.799662,9.29343295097351,0.546261
soc-LiveJournal1,SparsePush-DensePull,serial,bitvector,false,15,43.88662648200989,0.754411,9.435596942901611,0.485601
soc-LiveJournal1,SparsePush-DensePull,static-vertex-parallel,bitvector,false,5,44.835845708847046,0.05454,8.949483633041382,0.145878
soc-LiveJournal1,DensePull-SparsePush,edge-aware-dynamic-vertex-parallel,boolean-array,false,20,44.72316074371338,0.070261,9.367907524108887,0.480402
soc-LiveJournal1,SparsePush-DensePull,dynamic-vertex-parallel,bitvector,false,0,44.148677110672,0.062534,8.701050043106079,0.315132
soc-LiveJournal1,SparsePush,dynamic-vertex-parallel,boolean-array,false,0,40.1696891784668,0.134231,8.79723072052002,0.43715
soc-LiveJournal1,DensePull-SparsePush,static-vertex-parallel,boolean-array,false,0,43.84759831428528,0.069999,8.830676794052124,0.433387
soc-LiveJournal1,DensePull,serial,boolean-array,false,5,46.88707733154297,1.80675,9.964778900146484,1.20646
soc-LiveJournal1,DensePull-SparsePush,static-vertex-parallel,boolean-array,false,10,44.29515624046326,0.058738,8.94972538948059,0.131059
soc-LiveJournal1,SparsePush-DensePull,static-vertex-parallel,boolean-array,false,20,45.306843280792236,0.060991,8.946489572525024,0.074716
soc-LiveJournal1,DensePull,edge-aware-dynamic-vertex-parallel,bitvector,false,15,45.28418278694153,0.113577,9.887470483779907,1.00022
soc-LiveJournal1,DensePull-SparsePush,dynamic-vertex-parallel,boolean-array,false,15,45.21127796173096,0.062383,8.9853835105896,0.091869
orkut-links,SparsePush-DensePull,dynamic-vertex-parallel,boolean-array,false,20,72.48231315612793,0.067119,14.357265710830688,0.079856
orkut-links,DensePull,static-vertex-parallel,boolean-array,false,20,72.3684983253479,0.092006,14.421569585800171,0.10095
orkut-links,DensePull,static-vertex-parallel,boolean-array,false,5,71.67254662513733,0.064544,14.25901985168457,0.151483
orkut-links,DensePull-SparsePush,serial,bitvector,false,15,72.62825512886047,0.932679,14.775198936462402,0.56463
orkut-links,SparsePush-DensePull,dynamic-vertex-parallel,boolean-array,false,5,69.99817204475403,0.075358,14.186316967010498,0.155446
orkut-links,DensePull,serial,bitvector,false,15,72.71512770652771,0.912101,14.757620811462402,0.540021
orkut-links,SparsePush-DensePull,dynamic-vertex-parallel,boolean-array,false,15,71.6441171169281,0.079549,14.290260791778564,0.084688
orkut-links,SparsePush-DensePull,static-vertex-parallel,boolean-array,false,10,71.47329425811768,0.060076,14.323235273361206,0.117037
orkut-links,SparsePush-DensePull,static-vertex-parallel,bitvector,false,5,71.61237573623657,0.048968,14.172186613082886,0.109458
orkut-links,DensePull-SparsePush,static-vertex-parallel,boolean-array,false,0,70.01520800590515,0.061027,13.700396299362183,0.162593
orkut-links,DensePull-SparsePush,edge-aware-dynamic-vertex-parallel,bitvector,false,15,71.60971164703369,0.066141,14.805584907531738,0.603466
orkut-links,DensePull,dynamic-vertex-parallel,bitvector,false,20,72.69267702102661,0.075863,14.426837921142578,0.090214
orkut-links,DensePull-SparsePush,edge-aware-dynamic-vertex-parallel,boolean-array,false,5,69.07822680473328,0.080699,14.705688953399658,0.716191
orkut-links,DensePull-SparsePush,static-vertex-parallel,bitvector,false,0,70.63655757904053,0.066723,13.625884056091309,0.113637
orkut-links,DensePull-SparsePush,serial,boolean-array,false,20,72.06547665596008,0.960832,14.905223608016968,0.571365
orkut-links,SparsePush-DensePull,serial,boolean-array,false,10,72.35425877571106,0.99963,14.840505123138428,0.661854
orkut-links,DensePull-SparsePush,edge-aware-dynamic-vertex-parallel,boolean-array,false,0,70.6918294429779,0.06961,14.649186372756958,1.12473
orkut-links,SparsePush-DensePull,serial,bitvector,false,15,73.08699798583984,0.921241,14.780509948730469,0.570685
orkut-links,SparsePush,serial,boolean-array,false,0,70.23915886878967,1.37174,14.677847862243652,1.14235
orkut-links,DensePull-SparsePush,serial,boolean-array,false,15,72.56338143348694,0.962792,14.87940788269043,0.613412
orkut-links,SparsePush-DensePull,edge-aware-dynamic-vertex-parallel,boolean-array,false,0,70.28769254684448,0.0678,14.593616962432861,1.04243
orkut-links,SparsePush-DensePull,serial,boolean-array,false,15,72.23464727401733,0.966497,14.801076412200928,0.598666
orkut-links,DensePull,serial,boolean-array,false,20,72.61878752708435,0.957849,14.870619297027588,0.605201
orkut-links,DensePull,static-vertex-parallel,bitvector,false,5,71.51829624176025,0.073946,14.241843938827515,0.131463
orkut-links,SparsePush-DensePull,static-vertex-parallel,bitvector,false,10,71.71658515930176,0.054908,14.2992422580719,0.08224
roadNet-CA,SparsePush-DensePull,dynamic-vertex-parallel,boolean-array,false,0,1.7520747184753418,0.053032,0.32077908515930176,0.005126
roadNet-CA,SparsePush-DensePull,edge-aware-dynamic-vertex-parallel,bitvector,false,0,1.750678300857544,0.058178,0.3391685485839844,0.021216
roadNet-CA,DensePull,serial,boolean-array,false,10,1.8266785144805908,0.057152,0.3578813076019287,0.019017
roadNet-CA,DensePull-SparsePush,dynamic-vertex-parallel,bitvector,false,20,1.8267908096313477,0.067283,0.3481738567352295,0.008101
roadNet-CA,SparsePush-DensePull,serial,bitvector,false,5,1.8367035388946533,0.067512,0.3591465950012207,0.021093
roadNet-CA,DensePull-SparsePush,serial,boolean-array,false,0,1.8246822357177734,0.096235,0.333127498626709,0.018037
roadNet-CA,DensePull-SparsePush,edge-aware-dynamic-vertex-parallel,bitvector,false,20,1.8219847679138184,0.081224,0.36493849754333496,0.024352
roadNet-CA,DensePush-SparsePush,serial,boolean-array,false,0,1.134509563446045,0.084289,0.3423464298248291,0.025532
roadNet-CA,DensePull-SparsePush,static-vertex-parallel,bitvector,false,5,1.8512639999389648,0.079337,0.34731340408325195,0.006114
roadNet-CA,DensePull-SparsePush,dynamic-vertex-parallel,bitvector,false,10,1.827155351638794,0.067778,0.34868335723876953,0.00757
roadNet-CA,DensePush-SparsePush,static-vertex-parallel,boolean-array,false,0,1.7531187534332275,0.053938,0.324019193649292,0.007698
roadNet-CA,SparsePush-DensePull,static-vertex-parallel,bitvector,false,20,1.82753324508667,0.072611,0.3497745990753174,0.008104
roadNet-CA,SparsePush-DensePull,serial,bitvector,false,10,1.8348124027252197,0.073261,0.35782790184020996,0.021239
roadNet-CA,DensePull-SparsePush,dynamic-vertex-parallel,bitvector,false,5,1.813429594039917,0.055159,0.3464014530181885,0.006261
roadNet-CA,DensePull,dynamic-vertex-parallel,boolean-array,false,5,2.0825631618499756,0.290275,0.36370253562927246,0.021643
roadNet-CA,SparsePush-DensePull,serial,bitvector,false,0,1.7839078903198242,0.086571,0.3327298164367676,0.018964
roadNet-CA,DensePull-SparsePush,edge-aware-dynamic-vertex-parallel,boolean-array,false,0,1.7477033138275146,0.048929,0.3369405269622803,0.020574
roadNet-CA,DensePull-SparsePush,serial,boolean-array,false,5,1.837378978729248,0.068027,0.3564739227294922,0.019628
roadNet-CA,DensePull,static-vertex-parallel,boolean-array,false,0,1.832411289215088,0.129155,0.3998832702636719,0.072569
roadNet-CA,SparsePush-DensePull,serial,bitvector,false,20,1.8247129917144775,0.062094,0.35781168937683105,0.020972
roadNet-CA,DensePull,dynamic-vertex-parallel,boolean-array,false,0,1.922839641571045,0.177622,0.3152482509613037,0.003398
roadNet-CA,DensePull-SparsePush,serial,boolean-array,false,10,1.8298568725585938,0.068582,0.35816025733947754,0.019608
roadNet-CA,SparsePush-DensePull,serial,boolean-array,false,20,1.8192782402038574,0.064102,0.35588574409484863,0.019781
roadNet-CA,SparsePush-DensePull,static-vertex-parallel,bitvector,false,0,1.7474329471588135,0.046435,0.32036590576171875,0.004748
roadNet-CA,DensePull,static-vertex-parallel,bitvector,false,20,2.3371360301971436,0.55086,0.42736220359802246,0.079736
